c1,c2,macro_f1_mean,macro_f1_std
0.01,0.01,0.820725529584666,0.00762358238929699
0.1,0.1,0.8193952394354096,0.006261707403183755
0.01,0.1,0.8187212452817114,0.009198182692558019
0.1,0.5,0.8161765771093167,0.009114973829777792
0.01,0.5,0.8151427428381638,0.011380641035544902
0.5,0.5,0.814279043565467,0.007469934744320533
0.1,0.01,0.8132682093012914,0.002641850190048228
0.5,0.1,0.8125738845167498,0.004371375260553257
0.1,1.0,0.811998462361618,0.009394124442322961
0.01,1.0,0.8115839982786941,0.0123228483440283
0.5,1.0,0.8114164527960902,0.009063302872339016
1.0,0.1,0.8082535670848265,0.008641072388184736
1.0,0.5,0.8073389166613291,0.008582136837242772
0.5,0.01,0.8068199284232375,0.005031235608301461
1.0,0.01,0.8062515181298942,0.007613486047297887
1.0,1.0,0.8051005134040403,0.00954405166142135
