pos_tag,direction,rank,feature_name,weight
ADJ,positive,1,word[:5]:pinak,2.982
ADJ,positive,2,word[:3]:dak,2.8282
ADJ,positive,3,word[:4]:irak,2.6723
ADJ,positive,4,word[-2:]:al,2.6281
ADJ,positive,5,word[:3]:maa,2.6201
ADJ,positive,6,word[:5]:magay,2.5022
ADJ,positive,7,word[:4]:tama,2.3795
ADJ,positive,8,word[:3]:mah,2.3218
ADJ,positive,9,word[-2:]:ed,2.3005
ADJ,positive,10,word[-3:]:kut,2.2807
ADJ,positive,11,word[:4]:masa,2.2669
ADJ,positive,12,word[:2]:ne,2.2336
ADJ,positive,13,word[:2]:gr,2.2172
ADJ,positive,14,word[-3:]:kot,2.2065
ADJ,positive,15,word[:3]:tam,2.2039
ADJ,positive,16,word[:4]:maga,2.1934
ADJ,positive,17,word[:3]:mal,2.0772
ADJ,positive,18,word[:5]:pabor,2.0752
ADJ,positive,19,word[:4]:pary,2.064
ADJ,positive,20,-1:word.lower()|word.lower():nirang|babayi,2.0085
ADJ,negative,1,word[:3]:pag,-2.5536
ADJ,negative,2,word[:3]:mag,-2.0304
ADJ,negative,3,word[:4]:para,-2.0056
ADJ,negative,4,word[:3]:kan,-1.9014
ADJ,negative,5,word[:3]:man,-1.7943
ADJ,negative,6,word[-2:]:an,-1.6749
ADJ,negative,7,word[-5:]:ayong,-1.4993
ADJ,negative,8,word[:2]:an,-1.4592
ADJ,negative,9,word[:2]:gi,-1.4275
ADJ,negative,10,+2:word[:2]:gu,-1.4107
ADP,positive,1,word[-2:]:sa,3.3083
ADP,positive,2,word[:4]:manu,3.23
ADP,positive,3,word[:3]:sad,2.7859
ADP,positive,4,word[:5]:manun,2.6835
ADP,positive,5,-2:word.lower():namumuyang,2.4673
ADP,positive,6,+2:word.lower():nakatangad,2.4321
ADP,positive,7,word[:2]:ni,2.1974
ADP,positive,8,+1:word[:3]:kad,2.0796
ADP,positive,9,word[:4]:sadt,2.0729
ADP,positive,10,word[:3]:han,1.9917
ADP,positive,11,+2:word[-2:]:go,1.8836
ADP,positive,12,word[-2:]|+1:word[-2:]:ud|ng,1.8541
ADP,positive,13,word[:4]:hang,1.7729
ADP,positive,14,+1:word[:2]:th,1.7634
ADP,positive,15,word[:3]:bas,1.719
ADP,positive,16,word[:3]:ang,1.7106
ADP,positive,17,word[-2:]:to,1.7047
ADP,positive,18,word[:3]:man,1.6744
ADP,positive,19,word.lower()|+1:word[:3]:an|pag,1.6256
ADP,positive,20,-1:word[-3:]:ter,1.5511
ADP,negative,1,+1:word[-2:]:ak,-1.749
ADP,negative,2,-1:word[-3:]:tan,-1.6514
ADP,negative,3,+1:word[:2]:ri,-1.624
ADP,negative,4,+1:word[-3:]:yad,-1.5071
ADP,negative,5,+2:word[:3]:san,-1.499
ADP,negative,6,-1:word[:2]:su,-1.3845
ADP,negative,7,word.lower()|+1:word[:3]:para|mak,-1.3627
ADP,negative,8,+2:word[-2:]:ok,-1.354
ADP,negative,9,-1:word[:2]:be,-1.3416
ADP,negative,10,word.has_unit_repeat,-1.3001
ADV,positive,1,word[:4]:pirm,3.1959
ADV,positive,2,word[:3]:gay,2.8286
ADV,positive,3,word[:3]:pau,2.8128
ADV,positive,4,word[-5:]:naman,2.7259
ADV,positive,5,word[:5]:talag,2.697
ADV,positive,6,word[-3:]:man,2.5476
ADV,positive,7,word[-3:]:aad,2.374
ADV,positive,8,word[-4:]:baad,2.374
ADV,positive,9,-1:word[-2:]|word[-2:]:o|ya,2.3242
ADV,positive,10,-1:word[:2]|word.lower():di|na,2.3104
ADV,positive,11,word.lower()|+1:word.lower():na|sana,2.2781
ADV,positive,12,word[:3]:ngo,2.2196
ADV,positive,13,word[:2]:tl,2.1712
ADV,positive,14,-1:word[:2]:aw,2.1599
ADV,positive,15,word[:4]:paba,2.1551
ADV,positive,16,-1:word[-2:]|word[-2:]:bo|na,2.1455
ADV,positive,17,word[:3]:sig,2.1153
ADV,positive,18,word[:4]:suba,2.0624
ADV,positive,19,word[-4:]:nsan,2.0465
ADV,positive,20,word[-3:]:rmi,2.0464
ADV,negative,1,+1:word[:2]:bu,-1.8224
ADV,negative,2,+2:word[:2]:pr,-1.6718
ADV,negative,3,-2:word[:2]:co,-1.4594
ADV,negative,4,+2:word[-2:]:od,-1.4494
ADV,negative,5,+1:word[-3:]:gan,-1.4323
ADV,negative,6,-2:word[:3]:tan,-1.4272
ADV,negative,7,+1:word[-3:]:nan,-1.3195
ADV,negative,8,-2:word[-2:]:no,-1.3055
ADV,negative,9,+2:word[:3]:bal,-1.2919
ADV,negative,10,+2:word[:3]:gab,-1.2917
AUX,positive,1,word[:2]:pw,3.2505
AUX,positive,2,word[:4]:pwed,2.7785
AUX,positive,3,word[:3]:pwe,1.6214
AUX,positive,4,word.lower():dapat,1.614
AUX,positive,5,word[:4]:dapa,1.614
AUX,positive,6,word[-5:]:dapat,1.614
AUX,positive,7,word[:5]:dapat,1.614
AUX,positive,8,word[:3]:dap,1.5772
AUX,positive,9,word[-4:]:apat,1.5703
AUX,positive,10,word[:5]:pwede,1.568
AUX,positive,11,word[-3:]:pat,1.5588
AUX,positive,12,word[-2:]:de,1.4331
AUX,positive,13,+1:word[-2:]:er,1.4158
AUX,positive,14,word[:1]:p,1.3737
AUX,positive,15,word[-4:]:kaka,1.3003
AUX,positive,16,word[:2]:mg,1.1923
AUX,positive,17,word[-2:]|+1:word[-2:]:pa|so,1.1914
AUX,positive,18,word[-2:]:ka,1.1868
AUX,positive,19,word[:3]:pwd,1.1439
AUX,positive,20,+2:word.lower():sunudun,1.0433
AUX,negative,1,+1:word[:2]:na,-0.8456
AUX,negative,2,bias,-0.6976
AUX,negative,3,+2:word[:2]:sa,-0.5776
AUX,negative,4,+2:word[:2]:an,-0.5576
AUX,negative,5,-1:word[-2:]:an,-0.5564
AUX,negative,6,word[:2]:pa,-0.5387
AUX,negative,7,-2:word[:2]:pa,-0.4639
AUX,negative,8,-1:word[-2:]:ng,-0.456
AUX,negative,9,word[-1:]:n,-0.4336
AUX,negative,10,+1:word[:2]:ma,-0.4308
CCONJ,positive,1,word[-4:]:saka,2.2426
CCONJ,positive,2,word[:3]:sag,1.8319
CCONJ,positive,3,word.lower():alagad,1.7002
CCONJ,positive,4,word[:4]:alag,1.7002
CCONJ,positive,5,word[-5:]:lagad,1.7002
CCONJ,positive,6,word[:5]:alaga,1.7002
CCONJ,positive,7,word[:2]:as,1.6488
CCONJ,positive,8,word[-3:]:ndi,1.6377
CCONJ,positive,9,word.lower():saka,1.6093
CCONJ,positive,10,word[-5:]:saka,1.6093
CCONJ,positive,11,word[:5]:saka,1.6093
CCONJ,positive,12,word[-2:]|+1:word[-2:]:la|on,1.5818
CCONJ,positive,13,word[:2]:pe,1.5769
CCONJ,positive,14,word[-3:]:aka,1.5753
CCONJ,positive,15,word[:4]:saka,1.5717
CCONJ,positive,16,word[-3:]:pos,1.5712
CCONJ,positive,17,word[-1:]:d,1.5598
CCONJ,positive,18,word.lower():kaya,1.554
CCONJ,positive,19,word[-5:]:kaya,1.554
CCONJ,positive,20,word[:5]:kaya,1.554
CCONJ,negative,1,+1:word[-2:]:pa,-1.4561
CCONJ,negative,2,+1:word.is_punctuation,-1.3288
CCONJ,negative,3,+2:word[-2:]:on,-1.0013
CCONJ,negative,4,+1:word[-3:]:ong,-0.8738
CCONJ,negative,5,-1:word[-2:]|word[-2:]:na|ya,-0.8332
CCONJ,negative,6,-1:word[:2]:ko,-0.7968
CCONJ,negative,7,-1:word[-2:]:og,-0.7934
CCONJ,negative,8,word[-2:]:ng,-0.7368
CCONJ,negative,9,EOS,-0.6938
CCONJ,negative,10,-1:word[:2]|word.lower():na|kaya,-0.6543
DET,positive,1,word[-3:]:mga,2.2779
DET,positive,2,word[:2]:an,2.0575
DET,positive,3,word[:3]:kad,1.9642
DET,positive,4,word[:2]:mg,1.8506
DET,positive,5,word[:2]:ni,1.8134
DET,positive,6,+1:word[-2:]:ia,1.7052
DET,positive,7,word[-2:]|+1:word[-2:]:ng|ng,1.6822
DET,positive,8,word.lower():lambang,1.6058
DET,positive,9,word[:4]:lamb,1.6058
DET,positive,10,word[:5]:lamba,1.6058
DET,positive,11,+1:word[-3:]:gon,1.6011
DET,positive,12,word[-5:]:mbang,1.5073
DET,positive,13,-1:word[-2:]|word[-2:]:ay|ku,1.4814
DET,positive,14,word[-2:]|+1:word[-2:]:an|ak,1.469
DET,positive,15,-1:word[-3:]:nya,1.4607
DET,positive,16,word[:2]:ka,1.4256
DET,positive,17,word[:2]:th,1.4018
DET,positive,18,word[:3]:lam,1.401
DET,positive,19,word.lower():mga,1.3962
DET,positive,20,word[-4:]:mga,1.3962
DET,negative,1,+1:word.is_punctuation,-2.1419
DET,negative,2,+1:word[-3:]:ela,-1.7692
DET,negative,3,-1:word[-3:]:pan,-1.536
DET,negative,4,-2:word[-3:]:ran,-1.492
DET,negative,5,+2:word[-3:]:gad,-1.4331
DET,negative,6,-1:word[:2]|word.lower():pa|a,-1.427
DET,negative,7,+1:word[-3:]:lan,-1.3425
DET,negative,8,-1:word[-2:]:po,-1.342
DET,negative,9,+1:word[-3:]:say,-1.3331
DET,negative,10,BOS,-1.3279
INTJ,positive,1,BOS,2.8407
INTJ,positive,2,word[-1:]:h,2.5991
INTJ,positive,3,word[:1]:h,2.3793
INTJ,positive,4,word[:4]:cong,2.3034
INTJ,positive,5,word[:5]:congr,2.3034
INTJ,positive,6,word[:3]:con,2.1545
INTJ,positive,7,word[:1]:o,1.9639
INTJ,positive,8,word[:1]:w,1.8686
INTJ,positive,9,word[-2:]:ge,1.8147
INTJ,positive,10,word.has_char_run,1.6791
INTJ,positive,11,word[:2]:pl,1.6598
INTJ,positive,12,word[-2:]:ah,1.6299
INTJ,positive,13,EOS,1.6096
INTJ,positive,14,word.has_unit_repeat,1.4647
INTJ,positive,15,word[-2:]:ep,1.4646
INTJ,positive,16,word[-3:]:sus,1.4452
INTJ,positive,17,word[:5]:thank,1.4381
INTJ,positive,18,+2:word[:3]:tha,1.4318
INTJ,positive,19,word[:2]:ye,1.4316
INTJ,positive,20,word[:4]:than,1.4223
INTJ,negative,1,word[-1:]:g,-1.4202
INTJ,negative,2,word[-1:]:n,-1.1399
INTJ,negative,3,word.istitle(),-1.1019
INTJ,negative,4,word[:1]:k,-1.0395
INTJ,negative,5,+1:word[:2]:ma,-0.9187
INTJ,negative,6,+2:word[:2]:sa,-0.8582
INTJ,negative,7,word[:2]:pa,-0.7885
INTJ,negative,8,-2:word[-2:]:an,-0.7755
INTJ,negative,9,word.is_punctuation,-0.7707
INTJ,negative,10,+2:word[-2:]:ya,-0.7646
NOUN,positive,1,word[-4:]:syon,3.1931
NOUN,positive,2,word[:4]:magu,2.8438
NOUN,positive,3,word[:3]:pla,2.6738
NOUN,positive,4,word[:3]:may,2.6008
NOUN,positive,5,word[-5:]:inang,2.5748
NOUN,positive,6,+1:word.istitle(),2.5654
NOUN,positive,7,word[-2:]:ce,2.4797
NOUN,positive,8,word[:4]:grad,2.4472
NOUN,positive,9,word[-3:]:ion,2.377
NOUN,positive,10,word[:3]:dis,2.3417
NOUN,positive,11,word[:2]:pg,2.3026
NOUN,positive,12,word[-1:]:s,2.1469
NOUN,positive,13,word[:3]:sal,2.1194
NOUN,positive,14,word[-1:]:b,2.1113
NOUN,positive,15,word[:4]:tula,2.0731
NOUN,positive,16,word[-3:]:syo,2.0235
NOUN,positive,17,-1:word[-3:]:ton,1.9659
NOUN,positive,18,word[-3:]:ola,1.9653
NOUN,positive,19,word[-3:]:dad,1.9478
NOUN,positive,20,-1:word[-3:]:may,1.9306
NOUN,negative,1,word[:3]:pig,-2.6587
NOUN,negative,2,word[:2]:na,-2.6496
NOUN,negative,3,word[:4]:pina,-2.1967
NOUN,negative,4,word[-3:]:ton,-2.1101
NOUN,negative,5,word[-2:]:os,-2.0975
NOUN,negative,6,word[:3]:rin,-1.9594
NOUN,negative,7,word[-4:]:apos,-1.9385
NOUN,negative,8,word[:2]:ma,-1.9014
NOUN,negative,9,word[-3:]:aya,-1.8861
NOUN,negative,10,-1:word[-2:]|word[-2:]:a|ng,-1.8544
NUM,positive,1,word.isdigit(),3.695
NUM,positive,2,word.shape:d,3.695
NUM,positive,3,word[-3:]:sad,2.7393
NUM,positive,4,word[:1]:2,2.4
NUM,positive,5,word[-2:]:wa,2.3616
NUM,positive,6,word[:4]:saro,2.3551
NUM,positive,7,word[-3:]:rwa,2.1561
NUM,positive,8,word.shape:dx,2.1439
NUM,positive,9,word[:3]:tul,2.0855
NUM,positive,10,word[:3]:dar,2.0196
NUM,positive,11,word[:4]:lima,1.9735
NUM,positive,12,word[-4:]:usad,1.8434
NUM,positive,13,word[:1]:6,1.8025
NUM,positive,14,word[:3]:lim,1.7896
NUM,positive,15,word[-2:]|+1:word[-2:]:ad|na,1.7863
NUM,positive,16,-1:word.lower():alas,1.7754
NUM,positive,17,word[:4]:darw,1.6423
NUM,positive,18,word[:5]:darwa,1.6423
NUM,positive,19,word[-5:]:rwang,1.5967
NUM,positive,20,-1:word[-3:]:las,1.5852
NUM,negative,1,word.shape:x,-2.2647
NUM,negative,2,word.istitle(),-1.1263
NUM,negative,3,word[:1]:k,-0.9414
NUM,negative,4,word.shape:Xx,-0.9335
NUM,negative,5,word.has_unit_repeat,-0.6662
NUM,negative,6,-2:word[-2:]:ng,-0.5555
NUM,negative,7,-2:word[:2]:ma,-0.5218
NUM,negative,8,word[:1]:n,-0.5156
NUM,negative,9,+2:word[-2:]:ka,-0.5022
NUM,negative,10,+1:word[:2]:ba,-0.4968
PART,positive,1,word[:3]:san,3.1269
PART,positive,2,word[-3:]:aya,2.5367
PART,positive,3,word[:3]:buk,2.4145
PART,positive,4,word[:4]:kuno,2.3139
PART,positive,5,word[:2]:po,2.2802
PART,positive,6,word[-2:]:ga,2.1785
PART,positive,7,word[:3]:dir,2.0371
PART,positive,8,word[:3]:kun,2.0252
PART,positive,9,word[-2:]:po,2.0126
PART,positive,10,word[-3:]:gad,1.9118
PART,positive,11,word[:4]:buko,1.8913
PART,positive,12,word[:3]:pal,1.8563
PART,positive,13,word.lower()|+1:word[-3:]:na|wan,1.763
PART,positive,14,-2:word[:2]:fa,1.7531
PART,positive,15,word.lower():palan,1.7527
PART,positive,16,word[-5:]:palan,1.7495
PART,positive,17,word[-4:]:unta,1.7221
PART,positive,18,word.lower():ngani,1.7101
PART,positive,19,word[-5:]:ngani,1.7101
PART,positive,20,-1:word[:2]:ay,1.7091
PART,negative,1,-1:word[:2]|word.lower():di|na,-2.093
PART,negative,2,+1:word[:3]:pak,-1.6773
PART,negative,3,word.lower()|+1:word[:3]:na|nga,-1.5676
PART,negative,4,-1:word[:2]:la,-1.533
PART,negative,5,-1:word[:3]:may,-1.5286
PART,negative,6,-1:word[-2:]|word[-2:]:na|ga,-1.5068
PART,negative,7,word.lower()|+1:word[:3]:na|san,-1.503
PART,negative,8,EOS,-1.4915
PART,negative,9,-1:word[-2:]|word[-2:]:da|na,-1.4654
PART,negative,10,word[-2:]|+1:word[-2:]:na|ga,-1.4466
PRON,positive,1,word[-3:]:ini,3.5966
PRON,positive,2,word[-3:]:ton,3.4681
PRON,positive,3,word[-3:]:say,3.3625
PRON,positive,4,word[-3:]:yan,3.3297
PRON,positive,5,word[-2:]:mo,3.3149
PRON,positive,6,word[-3:]:ira,3.2517
PRON,positive,7,word[:3]:kam,3.0624
PRON,positive,8,word[-1:]:u,3.0541
PRON,positive,9,word[:3]:kan,3.0109
PRON,positive,10,word[-2:]:mu,2.9071
PRON,positive,11,word[-4:]:isay,2.8415
PRON,positive,12,word[:4]:ngam,2.7575
PRON,positive,13,word[:2]:ni,2.6818
PRON,positive,14,word[-4:]:yang,2.6037
PRON,positive,15,word[:2]:ny,2.5839
PRON,positive,16,word[-3:]:ong,2.5458
PRON,positive,17,word[-4:]:kong,2.4771
PRON,positive,18,word[:2]:ad,2.4589
PRON,positive,19,word[:3]:kit,2.4579
PRON,positive,20,word[:2]:km,2.3736
PRON,negative,1,word[:1]:b,-2.9081
PRON,negative,2,word[:2]:ku,-2.2077
PRON,negative,3,word[:1]:p,-2.1162
PRON,negative,4,word[:3]:kin,-1.7243
PRON,negative,5,-2:word[-2:]:ba,-1.7181
PRON,negative,6,-1:word[:3]:buk,-1.5637
PRON,negative,7,-1:word[:2]:ay,-1.5586
PRON,negative,8,word[:2]:ma,-1.4764
PRON,negative,9,-2:word[:3]:mak,-1.437
PRON,negative,10,-1:word[:2]:mg,-1.4261
PROPN,positive,1,word.istitle(),6.5366
PROPN,positive,2,word.shape:Xx,5.1481
PROPN,positive,3,word[:1]:j,1.8354
PROPN,positive,4,word.isupper(),1.8093
PROPN,positive,5,-1:word[-2:]:si,1.6707
PROPN,positive,6,word[:2]:pe,1.5646
PROPN,positive,7,word.shape:X,1.3694
PROPN,positive,8,word[-2:]:en,1.3325
PROPN,positive,9,-2:word[:3]:sad,1.3013
PROPN,positive,10,-2:word[:2]:al,1.2029
PROPN,positive,11,"word[-2:]|+1:word[-2:]:ng|,",1.1676
PROPN,positive,12,word.shape:'x,1.1534
PROPN,positive,13,word[:1]:',1.1407
PROPN,positive,14,-1:word[-3:]:ang,1.1239
PROPN,positive,15,+2:word[-3:]:dan,1.0813
PROPN,positive,16,-1:word[:3]:lol,1.0678
PROPN,positive,17,word[-4:]:mbre,1.0677
PROPN,positive,18,word[-5:]:embre,1.0602
PROPN,positive,19,-1:word[:2]:lo,1.0494
PROPN,positive,20,word[-3:]:bre,0.9985
PROPN,negative,1,BOS,-5.1706
PROPN,negative,2,word[:2]:pa,-2.5089
PROPN,negative,3,-2:word[-2:]:un,-1.8641
PROPN,negative,4,-1:word.istitle(),-1.7517
PROPN,negative,5,word[:1]:k,-1.7413
PROPN,negative,6,word[:2]:na,-1.5727
PROPN,negative,7,word.is_full_repeat,-1.5328
PROPN,negative,8,word[-1:]:g,-1.4928
PROPN,negative,9,+2:word[-2:]:at,-1.4711
PROPN,negative,10,word[-4:]:nang,-1.4635
PUNCT,positive,1,word.is_punctuation,7.2135
PUNCT,positive,2,word[-1:]:.,1.4946
PUNCT,positive,3,word[:1]:.,1.4105
PUNCT,positive,4,word.is_full_repeat,1.3696
PUNCT,positive,5,word.shape:.,1.1996
PUNCT,positive,6,"word[:1]:,",1.1907
PUNCT,positive,7,bias,1.1214
PUNCT,positive,8,word[-1:]:!,1.0936
PUNCT,positive,9,word[:1]:!,1.0725
PUNCT,positive,10,word.has_char_run,1.0403
PUNCT,positive,11,"word[-1:]:,",0.9328
PUNCT,positive,12,word[-1:]:?,0.8627
PUNCT,positive,13,word.shape:!,0.8527
PUNCT,positive,14,"word.shape:,",0.8056
PUNCT,positive,15,word[:1]:?,0.7517
PUNCT,positive,16,word.shape:?,0.5548
PUNCT,positive,17,"word.lower():,",0.523
PUNCT,positive,18,"word[-2:]:,",0.523
PUNCT,positive,19,"word[-3:]:,",0.523
PUNCT,positive,20,"word[-4:]:,",0.523
PUNCT,negative,1,word.len,-0.3479
SCONJ,positive,1,word[-5:]:aning,3.0115
SCONJ,positive,2,word[-3:]:pag,2.7028
SCONJ,positive,3,word[:1]:k,2.6711
SCONJ,positive,4,word[:5]:tanga,2.3091
SCONJ,positive,5,+1:word[-3:]:san,2.1805
SCONJ,positive,6,word[-4:]:ning,2.179
SCONJ,positive,7,word[:4]:mask,2.0786
SCONJ,positive,8,word[-3:]:kin,2.0186
SCONJ,positive,9,word[-2:]|+1:word[-2:]:sa|ng,1.8987
SCONJ,positive,10,word[:3]:pag,1.7912
SCONJ,positive,11,word.lower():nganing,1.6883
SCONJ,positive,12,word.lower():dawa,1.6317
SCONJ,positive,13,word[-4:]:dawa,1.6317
SCONJ,positive,14,word[:4]:dawa,1.6317
SCONJ,positive,15,word[-5:]:dawa,1.6317
SCONJ,positive,16,word[:5]:dawa,1.6317
SCONJ,positive,17,word.lower()|+1:word[:3]:para|mak,1.5654
SCONJ,positive,18,word[:3]:kun,1.5582
SCONJ,positive,19,word[-2:]:ta,1.5364
SCONJ,positive,20,+1:word[:2]:el,1.4468
SCONJ,negative,1,EOS,-1.5685
SCONJ,negative,2,-1:word.istitle(),-1.4139
SCONJ,negative,3,-1:word[:2]:pu,-1.4012
SCONJ,negative,4,+1:word[:2]:uu,-1.3509
SCONJ,negative,5,+1:word[:2]:ab,-1.2413
SCONJ,negative,6,+1:word[-2:]:at,-1.1157
SCONJ,negative,7,+2:word[:3]:bag,-1.0862
SCONJ,negative,8,-2:word[-2:]:ta,-1.0794
SCONJ,negative,9,word[-2:]|+1:word[-2:]:ta|an,-1.0711
SCONJ,negative,10,-2:word[-3:]:mga,-1.0625
VERB,positive,1,word[:3]:nag,4.1516
VERB,positive,2,word[:3]:mag,4.1453
VERB,positive,3,word[:4]:sabi,3.6752
VERB,positive,4,word[:3]:pig,3.5732
VERB,positive,5,word[:3]:agk,3.5481
VERB,positive,6,word[:3]:mig,3.5052
VERB,positive,7,word[:3]:bum,3.0971
VERB,positive,8,word[:3]:bin,2.832
VERB,positive,9,word[:2]:na,2.7511
VERB,positive,10,word[:3]:gin,2.643
VERB,positive,11,word[:1]:i,2.5549
VERB,positive,12,word[:4]:sina,2.5079
VERB,positive,13,word[:3]:din,2.4872
VERB,positive,14,word[:3]:tin,2.3356
VERB,positive,15,word[-2:]|+1:word[-2:]:an|a,2.3141
VERB,positive,16,word[:2]:ag,2.2791
VERB,positive,17,word[:3]:sin,2.2572
VERB,positive,18,word[:2]:ud,2.2551
VERB,positive,19,word[:2]:ip,2.2482
VERB,positive,20,word[:2]:um,2.203
VERB,negative,1,word[:2]:ka,-2.6735
VERB,negative,2,word[:5]:pinak,-2.3417
VERB,negative,3,word[:3]:nga,-2.0719
VERB,negative,4,"word[-2:]|+1:word[-2:]:an|,",-2.0373
VERB,negative,5,+1:word[-3:]:asa,-2.0319
VERB,negative,6,word[:5]:magay,-2.0275
VERB,negative,7,word[:3]:pan,-1.9549
VERB,negative,8,-1:word[-2:]|word[-2:]:ga|on,-1.9167
VERB,negative,9,-2:word[:2]:se,-1.8852
VERB,negative,10,word[:4]:magu,-1.8798
